-- phpMyAdmin SQL Dump
-- version 5.0.2
-- https://www.phpmyadmin.net/
--
-- Host: localhost
-- Generation Time: Sep 20, 2022 at 11:31 AM
-- Server version: 10.4.14-MariaDB
-- PHP Version: 7.2.33

SET SQL_MODE = "NO_AUTO_VALUE_ON_ZERO";
START TRANSACTION;
SET time_zone = "+00:00";


/*!40101 SET @OLD_CHARACTER_SET_CLIENT=@@CHARACTER_SET_CLIENT */;
/*!40101 SET @OLD_CHARACTER_SET_RESULTS=@@CHARACTER_SET_RESULTS */;
/*!40101 SET @OLD_COLLATION_CONNECTION=@@COLLATION_CONNECTION */;
/*!40101 SET NAMES utf8mb4 */;

--
-- Database: `Toters`
--

-- --------------------------------------------------------

--
-- Table structure for table `FirstItemNew`
--

CREATE TABLE `FirstItemNew` (
  `id` int(11) NOT NULL,
  `image_url` varchar(1009) NOT NULL,
  `Text_Item` text NOT NULL,
  `ItemPage` varchar(1009) NOT NULL,
  `Pageid` int(11) NOT NULL DEFAULT 1,
  `Time_Add` date NOT NULL
) ENGINE=InnoDB DEFAULT CHARSET=utf8mb4;

--
-- Dumping data for table `FirstItemNew`
--

INSERT INTO `FirstItemNew` (`id`, `image_url`, `Text_Item`, `ItemPage`, `Pageid`, `Time_Add`) VALUES
(1, 'https://azozzalfiras.dev/api/Icons/food20.png', 'المطاعم', 'RestaurantsPage', 1, '2022-09-18'),
(4, 'https://azozzalfiras.dev/api/Icons/butler20.png', 'المندوب', 'DelegatePage', 2, '2022-09-18'),
(6, 'https://azozzalfiras.dev/api/Icons/groceries20.png', 'البقالة', 'GroceryShopPage', 1, '2022-09-18'),
(7, 'https://azozzalfiras.dev/api/Icons/retail8.png', 'متاجر', 'StoresPage', 2, '2022-09-18'),
(8, 'https://azozzalfiras.dev/api/Icons/IMG_E3AEA60F171D-1.jpeg', 'توترز فريش', 'AddCreditPage', 2, '2022-09-18');

-- --------------------------------------------------------

--
-- Table structure for table `HomePage_Dinner`
--

CREATE TABLE `HomePage_Dinner` (
  `id` int(11) NOT NULL,
  `Store_Collection_id` int(11) NOT NULL DEFAULT 1,
  `Name_ar` text NOT NULL,
  `Name_en` text NOT NULL,
  `Image_url` varchar(1009) NOT NULL,
  `Tagline_en` varchar(1009) NOT NULL,
  `Tagline_ar` varchar(1009) NOT NULL,
  `Price` varchar(1009) NOT NULL,
  `Rating` varchar(11) NOT NULL,
  `Min` varchar(11) NOT NULL,
  `Max` varchar(11) NOT NULL,
  `Tags_id` varchar(11) NOT NULL DEFAULT '1',
  `Time_Add` date NOT NULL
) ENGINE=InnoDB DEFAULT CHARSET=utf8mb4;

--
-- Dumping data for table `HomePage_Dinner`
--

INSERT INTO `HomePage_Dinner` (`id`, `Store_Collection_id`, `Name_ar`, `Name_en`, `Image_url`, `Tagline_en`, `Tagline_ar`, `Price`, `Rating`, `Min`, `Max`, `Tags_id`, `Time_Add`) VALUES
(38, 1, 'فيراري بركر', 'فيراري بركر', 'https://azozzalfiras.dev/api/Icons/EQUxZQyKmtgL9Xwq.jpeg', 'استمتع بمجموعة مختارة من ألذ أنواع البركر، إلى جانب سندويشات الفاهيتا والدجاج والستيك.', 'استمتع بمجموعة مختارة من ألذ أنواع البركر، إلى جانب سندويشات الفاهيتا والدجاج والستيك.', '7,000', '4.7', '40', '50', '1', '2022-09-18'),
(39, 1, 'بي بي سويت', 'بي بي سويت', 'https://azozzalfiras.dev/api/Icons/WTF-oZdUH2lI9olq.png', 'متخصصون في تقديم أشهى أنواع الكيك والكريب والوافل والبان كيك بالاضافة الى مجموعة متنوعة من المشروبات.', 'متخصصون في تقديم أشهى أنواع الكيك والكريب والوافل والبان كيك بالاضافة الى مجموعة متنوعة من المشروبات.', '10,000', '4.7', '43', '53', '5', '2022-09-18'),
(40, 1, 'كنافتك لسيارتك', 'كنافتك لسيارتك', 'https://azozzalfiras.dev/api/Icons/GFtrg6lUWCkNDZ9V.jpeg', 'مجموعة مختارة من ألذ وأشهى الكنافة.', 'مجموعة مختارة من ألذ وأشهى الكنافة.', '12,000', '4.8', '52', '62', '9', '2022-09-18'),
(41, 1, 'تي بركر', 'تي بركر', 'https://azozzalfiras.dev/api/Icons/YurgtWQVBuvO7hPs.png', 'متخصصون في تقديم أشهى أنواع برغر لحم وبرغر دجاج التي يتم توصيلها إلى باب منزلك.', 'متخصصون في تقديم أشهى أنواع برغر لحم وبرغر دجاج التي يتم توصيلها إلى باب منزلك.', '12,000', '4.7', '66', '76', '1', '2022-09-18'),
(42, 1, 'طاووق البنوك - اليرموك', 'طاووق البنوك - اليرموك', 'https://azozzalfiras.dev/api/Icons/fhYkL0ph4PH9bGAC.png', 'نقدم ألذ الدجاج المحشي.', 'نقدم ألذ الدجاج المحشي.', '11,000', '4.8', '36', '46', '6', '2022-09-18'),
(43, 1, 'الزعيم', 'الزعيم', 'https://azozzalfiras.dev/api/Icons/Cb8-1h6720TyrC71.jpeg', 'استمتع بمختارتنا من المعجنات السورية والفلافل والسندويشات والبرغر والبيتزا بالاضافة الى مجموعة متنوعة من الشاورما والأطباق الغربية التي يتم توصيلها إلى باب منزلك.', 'استمتع بمختارتنا من المعجنات السورية والفلافل والسندويشات والبرغر والبيتزا بالاضافة الى مجموعة متنوعة من الشاورما والأطباق الغربية التي يتم توصيلها إلى باب منزلك.', '11,000', '1', '36', '46', '15', '2022-09-18'),
(44, 1, 'شوق', 'شوق', 'https://azozzalfiras.dev/api/Icons/A-o8CdP9qjZp8JEF.jpeg', 'استمتع بمجموعة واسعة من أشهى أنواع الكريب والوافل والبان كيك مع الشوكولاتة المميزة، بالاضافة إلى تشكيلة فريدة من المشروبات الباردة.', 'استمتع بمجموعة واسعة من أشهى أنواع الكريب والوافل والبان كيك مع الشوكولاتة المميزة، بالاضافة إلى تشكيلة فريدة من المشروبات الباردة.', '11,000', '4.9', '43', '53', '9', '2022-09-18'),
(45, 1, 'مطعم برافو', 'مطعم برافو', 'https://azozzalfiras.dev/api/Icons/nyunIZ7XcuL8FpqK.jpeg', 'مختصون في تقديم أشهى الأطباق الشرقية ووجبات الدجاج, إلى جانب مجموعة متنوعة من البركر والسندويشات.', 'مختصون في تقديم أشهى الأطباق الشرقية ووجبات الدجاج, إلى جانب مجموعة متنوعة من البركر والسندويشات.', '9,000', '4', '44', '54', '7', '2022-09-18'),
(46, 1, 'دوز', 'دوز', 'https://azozzalfiras.dev/api/Icons/m3NfMjNlWMtVXodt.png', 'نقدم مجموعة متنوعة من البرغر اللذيذ والشهي وسندويتشات الدجاج والهوت دوغ التي ترضي ذوقك.', 'نقدم مجموعة متنوعة من البرغر اللذيذ والشهي وسندويتشات الدجاج والهوت دوغ التي ترضي ذوقك.', '9,000', '4.6', '45', '55', '1', '2022-09-18'),
(47, 1, 'سكواد بركر', 'سكواد بركر', 'https://azozzalfiras.dev/api/Icons/rd7td4wL90vM4JPJ.jpeg', 'مطعم سكواد بركر يقدم اشهى انواع البركر اللذيذة', '', '9,000', '4.6', '35', '45', '1', '2022-09-18'),
(48, 1, 'بوبا', 'بوبا', 'https://azozzalfiras.dev/api/Icons/XVQzgOn4z93fStnD.jpeg', 'مطعم بوبا مختص في تقديم البركر الجوسي اللذيذ الذي يتم توصيله إلى باب منزلك.', 'مطعم بوبا مختص في تقديم البركر الجوسي اللذيذ الذي يتم توصيله إلى باب منزلك.', '9,000', '4.7', '56', '66', '1', '2022-09-18'),
(49, 1, 'نسيم العراق', 'نسيم العراق', 'https://azozzalfiras.dev/api/Icons/YLRFRBDSQL9-VbZi.png', 'كريمات, أقنعة والعديد من المنتجات الأخرى التي يتم توفيرها بشكل خاص للحفاظ على نضارة بشرتك.', 'كريمات, أقنعة والعديد من المنتجات الأخرى التي يتم توفيرها بشكل خاص للحفاظ على نضارة بشرتك.', '9,000', '4.7', '41', '51', '16', '2022-09-18'),
(50, 1, 'سماش براء برغر', 'سماش براء برغر', 'https://azozzalfiras.dev/api/Icons/ZxF7MSCXxVUYSE4Y.png', 'No finer burgers can be found.', '', '9,000', '4.5', '44', '54', '1', '2022-09-18'),
(51, 1, 'ماستر برغر 2', 'ماستر برغر 2', 'https://azozzalfiras.dev/api/Icons/mavyE0QsirjWDg5r.jpeg', 'استمتع بألذ أنواع البرغر في المدينة، بالاضافة الى مجموعة مختارة من السندويشات.', 'استمتع بألذ أنواع البرغر في المدينة، بالاضافة الى مجموعة مختارة من السندويشات.', '9,000', '4.7', '50', '60', '1', '2022-09-18'),
(52, 1, 'ملوك الشاورما - العطيفية', 'ملوك الشاورما - العطيفية', 'https://azozzalfiras.dev/api/Icons/qCihtz_PjIvrQ-t7.png', 'مختصون في تقديم الشاورما اللذيذة مع الصلصات الخاصة بنا، بالاضافة الى مجموعة متنوعة من السندويشات والبرغر.', 'مختصون في تقديم الشاورما اللذيذة مع الصلصات الخاصة بنا، بالاضافة الى مجموعة متنوعة من السندويشات والبرغر.', '9,000', '4.6', '52', '62', '3', '2022-09-18'),
(53, 1, 'عصاىْر الريحان', 'عصاىْر الريحان', 'https://azozzalfiras.dev/api/Icons/89ko4ZFu2TxMsXDz.png', 'تحتوي العصائر الطازجة والطبيعية على خصائص علاجية لصحةٍ أفضل.', 'تحتوي العصائر الطازجة والطبيعية على خصائص علاجية لصحةٍ أفضل.', '19,000', '4.8', '44', '54', '12', '2022-09-18'),
(54, 1, 'مشويات البياتي', 'مشويات البياتي', 'https://azozzalfiras.dev/api/Icons/WK3HqXW5TQA4BEC8.jpeg', 'مختصون في تقديم أشهى انواع المشاوي حتى باب منزلك.', 'مختصون في تقديم أشهى انواع المشاوي حتى باب منزلك.', '19,000', '4.6', '42', '52', '12', '2022-09-18'),
(55, 1, 'لحم بعجين سما الموصل', 'لحم بعجين سما الموصل', 'https://azozzalfiras.dev/api/Icons/soXRG6YwWsrNEZEo.jpeg', 'نقدم تشكيلة مميزة ولذيذة من الفطائر واللحم بعجين والبيتزا.', 'نقدم تشكيلة مميزة ولذيذة من الفطائر واللحم بعجين والبيتزا.', '19,000', '4.7', '30', '40', '16', '2022-09-18'),
(56, 1, 'بي609', 'بي609', 'https://azozzalfiras.dev/api/Icons/Ayy6_2bptK1YeND2.jpeg', 'نحن نقدم أفضل انواع البرغر والسندويشات ووجبات الدجاج التي ترضي ذوقك.', 'نحن نقدم أفضل انواع البرغر والسندويشات ووجبات الدجاج التي ترضي ذوقك.', '25,000', '5', '38', '48', '6', '2022-09-18'),
(57, 1, 'هيرمانوز', 'هيرمانوز', 'https://azozzalfiras.dev/api/Icons/CKdVPCn7RMZxiRFu.png', 'استمتع بالبرغر الشهي بنكهات خاصة, بالاضافة الى ألذ السندويشات.', 'استمتع بالبرغر الشهي بنكهات خاصة, بالاضافة الى ألذ السندويشات.', '25,000', '4.6', '35', '45', '1', '2022-09-18'),
(58, 1, 'شوب برغر', 'شوب برغر', 'https://azozzalfiras.dev/api/Icons/e3hJzOL_WOaALJa5.png', 'أشبع رغباتك مع البرغر والسندويتشات الخاصة بنا.', 'أشبع رغباتك مع البرغر والسندويتشات الخاصة بنا.', '25,000', '', '53', '63', '1', '2022-09-18'),
(59, 1, 'كنافة كويت حبيبة', 'كنافة كويت حبيبة', 'https://azozzalfiras.dev/api/Icons/rj04ScFVrSlRKRuk.jpeg', 'مختصون في تقديم تشكيلة واسعة ومتنوعة من الكنافة التي ترضي ذوقك.', 'مختصون في تقديم تشكيلة واسعة ومتنوعة من الكنافة التي ترضي ذوقك.', '25,000', '4.9', '42', '52', '9', '2022-09-18'),
(60, 1, 'ميني اروما - حي الجامعة', 'ميني اروما - حي الجامعة', 'https://azozzalfiras.dev/api/Icons/h4KH-EKi5Ya-h3No.jpeg', 'استمتع بمختارتنا اللذيذة من البركر والسندويشات والبيتزا المصنوعة من الصلصات الخاصة بنا.', 'استمتع بمختارتنا اللذيذة من البركر والسندويشات والبيتزا المصنوعة من الصلصات الخاصة بنا.', '34,000', '4.8', '49', '59', '1', '2022-09-18'),
(61, 1, 'بانيتزا', 'بانيتزا', 'https://azozzalfiras.dev/api/Icons/F-xG7ssxGEUQyZkc.png', 'يقدم بانيتزا أكثر أنواع البيتزا المميزة التي ترضي ذوقك.', 'يقدم بانيتزا أكثر أنواع البيتزا المميزة التي ترضي ذوقك.', '25,000', '', '33', '43', '10', '2022-09-18'),
(62, 1, 'الساير', 'الساير', 'https://azozzalfiras.dev/api/Icons/jQBC3jyjYYYB-GvX.jpeg', 'مجموعة مختارة من الآيس كريم اللذيذ مع مجموعة متنوعة من المشروبات المميزة.', 'مجموعة مختارة من الآيس كريم اللذيذ مع مجموعة متنوعة من المشروبات المميزة.', '25,000', '4.8', '28', '38', '10', '2022-09-18'),
(63, 1, 'انفنتي فوود', 'انفنتي فوود', 'https://azozzalfiras.dev/api/Icons/B_6ILCpaUFX5mfGv.png', 'استمتع بمجموعة مختارة من البركر اللذيذ، بالاضافة الى اطباق الدجاج واللحم الشهية.', 'استمتع بمجموعة مختارة من البركر اللذيذ، بالاضافة الى اطباق الدجاج واللحم الشهية.', '25,000', '4.4', '52', '62', '15', '2022-09-18'),
(64, 1, 'ارت فلورز', 'ارت فلورز', 'https://azozzalfiras.dev/api/Icons/Gu-gNaQr3b7ht4EK.jpeg', 'مجموعة مميزة من باقات وبوكس الزهور الطبيعية.', 'مجموعة مميزة من باقات وبوكس الزهور الطبيعية.', '24,000', '4.8', '58', '68', '15', '2022-09-18'),
(65, 1, 'حلويات العنبتاوي - المنصور', 'حلويات العنبتاوي - المنصور', 'https://azozzalfiras.dev/api/Icons/wWdugbSowecNSGkv.jpeg', 'يقدم العنبتاوي المعنى الحقيقي للجودة والأصالة للحلويات العربية الفاخرة.', 'يقدم العنبتاوي المعنى الحقيقي للجودة والأصالة للحلويات العربية الفاخرة.', '21,000', '4.7', '38', '48', '9', '2022-09-18'),
(66, 1, 'زعتر وزيتون', 'زعتر وزيتون', 'https://azozzalfiras.dev/api/Icons/t1er2rdQikrQ_2J0.jpeg', 'نحن نقدم الذ المناقيش واللحم بالعجين, بالاضافة الى الفطائر المحضرة من مكونات طازجة ونكهات غنية ومميزة.', 'نحن نقدم الذ المناقيش واللحم بالعجين, بالاضافة الى الفطائر المحضرة من مكونات طازجة ونكهات غنية ومميزة.', '22,000', '4.9', '42', '52', '9', '2022-09-18'),
(67, 1, 'دجاج علي باريس - المنصور', 'دجاج علي باريس - المنصور', 'https://azozzalfiras.dev/api/Icons/an7Yw83wSHqA6j1w.jpeg', 'استمتع بأطيب وجبات الدجاج المشوي المطهية ببهاراتنا الخاصة. ', 'استمتع بأطيب وجبات الدجاج المشوي المطهية ببهاراتنا الخاصة. ', '8,000', '4.7', '27', '37', '6', '2022-09-18'),
(68, 1, 'زيت وزعتر', 'زيت وزعتر', 'https://azozzalfiras.dev/api/Icons/HVNid5mEOCqterg6.jpeg', 'نقدم مجموعة واسعة من أصناف الشاورما والكنتاكي المتميزة والشهية.', 'نقدم مجموعة واسعة من أصناف الشاورما والكنتاكي المتميزة والشهية.', '9,000', '4.7', '39', '49', '14', '2022-09-18'),
(69, 1, 'هافانا', 'هافانا', 'https://azozzalfiras.dev/api/Icons/-OGGL2BJKoaipntG.jpeg', 'نقدم مجموعة لذيذة وفريدة من نوعها من الوافل والكريب والعصائر اللذيذة.', 'نقدم مجموعة لذيذة وفريدة من نوعها من الوافل والكريب والعصائر اللذيذة.', '10,100', '4.9', '42', '52', '14', '2022-09-18'),
(70, 1, 'دوريان', 'دوريان', 'https://azozzalfiras.dev/api/Icons/CGpepcDX_26duSRi.jpeg', 'استمتع بالفلافل الشهية والسندويشات والبيتزا والبرغر، بالاضافة الى وجبات الدجاج وألاطباق المميزة.', 'استمتع بالفلافل الشهية والسندويشات والبيتزا والبرغر، بالاضافة الى وجبات الدجاج وألاطباق المميزة.', '8,000', '4.5', '42', '52', '14', '2022-09-18'),
(71, 1, 'مطعم الصاج', 'مطعم الصاج', 'https://azozzalfiras.dev/api/Icons/CJzJtc4FBURO_icH.jpeg', 'نختص في تقديم مجموعة مختارة من الصاج الخاص بنا, بالإضافة الى البرغر والسندويشات التي ترضي ذوقك.', 'نختص في تقديم مجموعة مختارة من الصاج الخاص بنا, بالإضافة الى البرغر والسندويشات التي ترضي ذوقك.', '8,000', '4.7', '44', '54', '6', '2022-09-18'),
(72, 1, 'سلطان الشام', 'سلطان الشام', 'https://azozzalfiras.dev/api/Icons/_bbAnkHKVJYeUfvk.jpeg', 'استمتع بتشكيلة واسعة من البرغر والسندويشات والشاورما والبيتزا, بالاضافة الى مجموعة متنوعة من الاطباق الغربية', 'استمتع بتشكيلة واسعة من البرغر والسندويشات والشاورما والبيتزا, بالاضافة الى مجموعة متنوعة من الاطباق الغربية', '8,000', '4.6', '30', '40', '15', '2022-09-18'),
(73, 1, 'برغر خلدون', 'برغر خلدون', 'https://azozzalfiras.dev/api/Icons/JwHtjUA9rm_1mRet.png', 'نقدم أشهى أنواع البرغر بالاضافة الى مجموعة متنوعة من السندويشات.', 'نقدم أشهى أنواع البرغر بالاضافة الى مجموعة متنوعة من السندويشات.', '8,000', '4.9', '28', '38', '15', '2022-09-18'),
(74, 1, 'مطعم الروان', 'مطعم الروان', 'https://azozzalfiras.dev/api/Icons/dP0CEPbnjFfwQGEb.png', 'مختصون في تقديم مجموعة مختارة من لحم بعجين والمناقيش بالاضافة الى مجموعة متنوعة من البيتزا.', 'مختصون في تقديم مجموعة مختارة من لحم بعجين والمناقيش بالاضافة الى مجموعة متنوعة من البيتزا.', '6,000', '4.9', '35', '45', '16', '2022-09-18'),
(75, 1, 'لافروتا', 'لافروتا', 'https://azozzalfiras.dev/api/Icons/WtmbuogIVz2U8i8v.png', 'تذوق الحلويات المصنوعة من أجود المكونات.', 'تذوق الحلويات المصنوعة من أجود المكونات.', '6,000', '4.8', '42', '52', '16', '2022-09-18'),
(76, 1, 'تايكر باور', 'تايكر باور', 'https://azozzalfiras.dev/api/Icons/r1MaBDnd8Bt_Nf4x.jpeg', 'مجموعة مختارة من أشهى أنواع البركر مع مجموعة متنوعة من الحلويات التي يتم توصيلها إلى باب منزلك.', 'مجموعة مختارة من أشهى أنواع البركر مع مجموعة متنوعة من الحلويات التي يتم توصيلها إلى باب منزلك.', '6,000', '3.8', '32', '42', '1', '2022-09-18'),
(77, 1, 'بنانا سبليت', 'بنانا سبليت', 'https://azozzalfiras.dev/api/Icons/OIs1HxCcVaIis2DM.jpeg', 'نقدم لكم مجموعة واسعة من الكريب والبان كيك اللذيذ مع الصلصة الإيطالية المميزة، بالاضافة مشروباتنا الباردة الشهية.', 'نقدم لكم مجموعة واسعة من الكريب والبان كيك اللذيذ مع الصلصة الإيطالية المميزة، بالاضافة مشروباتنا الباردة الشهية.', '6,000', '4.7', '18', '28', '4', '2022-09-18'),
(78, 1, 'مون لايت - مول بغداد', 'مون لايت - مول بغداد', 'https://azozzalfiras.dev/api/Icons/GnMCjF7P8SQKKPus.jpeg', 'مون لايت متخصص في تقديم ألذ أنواع البرغر والسندويشات والصاج بالاضافة الى مجموعة متنوعة من البيتزا ووجبات الدجاج والشاورما.', 'مون لايت متخصص في تقديم ألذ أنواع البرغر والسندويشات والصاج بالاضافة الى مجموعة متنوعة من البيتزا ووجبات الدجاج والشاورما.', '6,000', '4.9', '42', '52', '2', '2022-09-18'),
(79, 1, 'وايلد بركر', 'وايلد بركر', 'https://azozzalfiras.dev/api/Icons/Zjn1mPspoUL_EX3T.png', 'متخصصون في تقديم أشهى أنواع البركر المصنوعة من مكوناتنا الخاصة وحسب اختيارك، بالاضافة الى البان كيك والميلك شيك.', 'متخصصون في تقديم أشهى أنواع البركر المصنوعة من مكوناتنا الخاصة وحسب اختيارك، بالاضافة الى البان كيك والميلك شيك.', '6,000', '4.8', '32', '42', '1', '2022-09-18'),
(80, 1, 'نودلز هاوس', 'نودلز هاوس', 'https://azozzalfiras.dev/api/Icons/QGy4xeypePNt8AsY.png', 'We serve the most delicious selection of vegetarian noodles and classic noodles, along with our variety of meet noodles.', '', '8,000', '4.9', '49', '59', '3', '2022-09-18'),
(81, 1, 'حتومة جكن', 'حتومة جكن', 'https://azozzalfiras.dev/api/Icons/1zkdM9asN9DGjePD.png', 'مطعم متخصص في تقديم أشهى انواع الكنتاكي والريزو، بالاضافة الى مجموعة السندويشات والبرغر المميزة جداً.', 'مطعم متخصص في تقديم أشهى انواع الكنتاكي والريزو، بالاضافة الى مجموعة السندويشات والبرغر المميزة جداً.', '8,000', '4.6', '45', '55', '4', '2022-09-18'),
(82, 1, 'لاسيستا', 'لاسيستا', 'https://azozzalfiras.dev/api/Icons/V6AVG1WWldUA-tWk.jpeg', 'استمتع بأطيب الوجبات الايطالية والعالمية.', 'استمتع بأطيب الوجبات الايطالية والعالمية.', '8,000', '4.6', '52', '62', '2', '2022-09-18'),
(83, 1, 'بركر نمبر وان', 'بركر نمبر وان', 'https://azozzalfiras.dev/api/Icons/nScqSnVTMYLjf79Y.jpeg', 'يقدم برجر نمبر وان ألذ وجبات البركر.', 'يقدم برجر نمبر وان ألذ وجبات البركر.', '8,000', '4.8', '42', '52', '2', '2022-09-18'),
(84, 1, 'شاورما ميكرز', 'شاورما ميكرز', 'https://azozzalfiras.dev/api/Icons/kc_bW4L01HCdUG0F.png', 'نقدم أشهى أنواع الشاورما والبرغر والسندويشات بنكهات مميزة.', 'نقدم أشهى أنواع الشاورما والبرغر والسندويشات بنكهات مميزة.', '9,000', '4.6', '49', '59', '8', '2022-09-18'),
(85, 1, 'برجرات - المنصور', 'برجرات - المنصور', 'https://azozzalfiras.dev/api/Icons/YZl8HqEETWFGpLdj.jpeg', 'مطعم مختص بتقديم اشهى و الذ اصناف البركر بالاضافة الى مجموعة متنوعة من الاطباق الغربية المميزة.', 'مطعم مختص بتقديم اشهى و الذ اصناف البركر بالاضافة الى مجموعة متنوعة من الاطباق الغربية المميزة.', '9,000', '4.8', '45', '55', '8', '2022-09-18'),
(86, 1, 'قصر الكنافة', 'قصر الكنافة', 'https://azozzalfiras.dev/api/Icons/Q0jSelaIchXBGDwE.jpeg', 'استمتع بتشكيلة واسعة من أشهى أنواع الكنافة التي ترضي ذوقك.', 'استمتع بتشكيلة واسعة من أشهى أنواع الكنافة التي ترضي ذوقك.', '9,000', '4.9', '34', '44', '7', '2022-09-18'),
(87, 1, 'ميلك كيك بيكري', 'ميلك كيك بيكري', 'https://azozzalfiras.dev/api/Icons/7jUP_bcJW_W-fSq0.jpeg', 'مختصون في تقديم مجموعة من الذ واغرب انواع الكيك، بالاضافة الى الكريب والوافل والبان كيك الشهية.', 'مختصون في تقديم مجموعة من الذ واغرب انواع الكيك، بالاضافة الى الكريب والوافل والبان كيك الشهية.', '9,000', '4.9', '41', '51', '7', '2022-09-18'),
(88, 1, 'لوكماديز - المنصور', 'لوكماديز - المنصور', 'https://azozzalfiras.dev/api/Icons/De-QUB6Qmo4exeO4.jpeg', 'نقدم مجموعة مختارة من اللقم التركية اللذيذة المغموسة بأجود أنواع الشوكولاتة البلجيكية.', 'نقدم مجموعة مختارة من اللقم التركية اللذيذة المغموسة بأجود أنواع الشوكولاتة البلجيكية.', '9,000', '4.8', '23', '33', '8', '2022-09-18'),
(89, 1, 'مشويات حجي ياسين', 'مشويات حجي ياسين', 'https://azozzalfiras.dev/api/Icons/y2cEmhwIwyZ70CfZ.jpeg', 'استمتع بمجموعة الفطور اللذيذة، بالاضافة الى السندويشات والأطباق الشهية.', 'استمتع بمجموعة الفطور اللذيذة، بالاضافة الى السندويشات والأطباق الشهية.', '9,000', '5', '', '', '9', '2022-09-18'),
(90, 1, 'فلورا للزهور والهدايا', 'فلورا للزهور والهدايا', 'https://azozzalfiras.dev/api/Icons/-sB9ZfZhikgOXNmh.jpeg', 'نقدم مجموعة مختارة من الزهور الطبيعية والجميلة.', 'نقدم مجموعة مختارة من الزهور الطبيعية والجميلة.', '9,000', '4.8', '', '', '10', '2022-09-18'),
(91, 1, 'مطعم الشيف عرفان', 'مطعم الشيف عرفان', 'https://azozzalfiras.dev/api/Icons/ab7ogfnXa5NuUyY3.jpeg', 'نقدم مجموعة مختارة من الفطور اللذيذ، بالاضافة الى الأطباق الشرقية بنكهاتنا الخاصة.', 'نقدم مجموعة مختارة من الفطور اللذيذ، بالاضافة الى الأطباق الشرقية بنكهاتنا الخاصة.', '9,000', '4.6', '', '', '14', '2022-09-18'),
(92, 1, 'فطور سعدكم', 'فطور سعدكم', 'https://azozzalfiras.dev/api/Icons/4pNnOVN324Wv8fIE.jpeg', 'متخصصون في تقديم تشكيلة واسعة من أشهى انواع المخلمة والباقلاء بالدهن الحر إلى جانب مجموعة متنوعة من البيض لإرضاء ذوقك.', 'متخصصون في تقديم تشكيلة واسعة من أشهى انواع المخلمة والباقلاء بالدهن الحر إلى جانب مجموعة متنوعة من البيض لإرضاء ذوقك.', '9,000', '4.9', '', '', '15', '2022-09-18'),
(93, 1, 'كص وسام الشهير', 'كص وسام الشهير', 'https://azozzalfiras.dev/api/Icons/xOjRNIvW8OzVoS1p.jpeg', 'مختصون في تقديم أشهى أنواع شاورما اللحم التي يتم توصيلها إلى باب منزلك.', 'مختصون في تقديم أشهى أنواع شاورما اللحم التي يتم توصيلها إلى باب منزلك.', '9,000', '4.9', '', '', '1', '2022-09-18'),
(94, 1, 'الكوخ روز', 'الكوخ روز', 'https://azozzalfiras.dev/api/Icons/PovlnVfta3_0-Ka7.png', 'اطلب باقات الزهور وعلب الزهور والسلات المثالية لجميع المناسبات.', 'اطلب باقات الزهور وعلب الزهور والسلات المثالية لجميع المناسبات.', '9,000', '5', '', '', '1', '2022-09-18'),
(95, 1, 'اسماك السلطان البحرية', 'اسماك السلطان البحرية', 'https://azozzalfiras.dev/api/Icons/rtY2tds_Q4arzH8g.jpeg', 'نقدم مجموعة متنوعة من الأسماك الطازجة المميزة، بالاضافة الى السمك المسكوف والدجاج المشوي.', 'نقدم مجموعة متنوعة من الأسماك الطازجة المميزة، بالاضافة الى السمك المسكوف والدجاج المشوي.', '9,000', '4.9', '', '', '1', '2022-09-18'),
(96, 1, 'فطور صباحي', 'فطور صباحي', 'https://azozzalfiras.dev/api/Icons/GJR_8qIAiABiw_Xg.png', 'نختص بتقديم الشاورما على الطريقة السورية مع الصلصة الخاصة بنا.', 'نختص بتقديم الشاورما على الطريقة السورية مع الصلصة الخاصة بنا.', '9,000', '4.6', '', '', '1', '2022-09-18'),
(97, 1, 'ميت امباير', 'ميت امباير', 'https://azozzalfiras.dev/api/Icons/QUfHw6bMnoaxXnyB.jpeg', 'يقدم ميت امباير أكبر تشكيلة من أشهى وألذ السندويشات المصنوعة من التوابل والصلصات الخاصة بنا.', 'يقدم ميت امباير أكبر تشكيلة من أشهى وألذ السندويشات المصنوعة من التوابل والصلصات الخاصة بنا.', '9,000', '4.8', '', '', '1', '2022-09-18'),
(98, 1, 'اسماك الكرادة', 'اسماك الكرادة', 'https://azozzalfiras.dev/api/Icons/f1Ic5kCsUrL_94qV.png', 'مختصون بتقديم السمك المسكوف والدجاج بالتنور, ليتم توصيله الى باب منزلك.', 'مختصون بتقديم السمك المسكوف والدجاج بالتنور, ليتم توصيله الى باب منزلك.', '9,000', '4.5', '', '', '1', '2022-09-18'),
(99, 1, 'براندز العراق', 'براندز العراق', 'https://azozzalfiras.dev/api/Icons/Usb-DBRZ8R2Iw2yn.jpeg', 'تقدم براندز العراق أجود أنواع صابون البحر الميت ومنتجات العناية بالبشرة والجسم.', 'تقدم براندز العراق أجود أنواع صابون البحر الميت ومنتجات العناية بالبشرة والجسم.', '9,000', '', '', '', '1', '2022-09-18'),
(100, 1, 'مطبخ الابرار', 'مطبخ الابرار', 'https://azozzalfiras.dev/api/Icons/aeEQp_ilQU99_C0O.png', 'نقدم أشهى أطباق الفطور والأطباق الشرقية والصاج.', 'نقدم أشهى أطباق الفطور والأطباق الشرقية والصاج.', '9,000', '', '', '', '1', '2022-09-18'),
(101, 2, 'الكص العراقي - اليرموك', 'الكص العراقي - اليرموك', 'https://azozzalfiras.dev/api/Icons/3yMNRCCO8_rXsy7a.png', 'يقدم ألذ أنواع الشاورما العراقية وأفضل الوجبات السريعة.', 'يقدم ألذ أنواع الشاورما العراقية وأفضل الوجبات السريعة.', '9,000', '4.8', '46', '56', '1', '2022-09-18'),
(102, 2, 'بيب بيب', 'بيب بيب', 'https://azozzalfiras.dev/api/Icons/RTVWAl1MBTf4SB9j.png', 'نقدم أشهى انواع البرغر لحم والبرغر الدجاج بالاضافة الى مجموعة متنوعة من السندويشات والشاورما.', 'نقدم أشهى انواع البرغر لحم والبرغر الدجاج بالاضافة الى مجموعة متنوعة من السندويشات والشاورما.', '9,000', '', '41', '51', '1', '2022-09-18'),
(103, 2, 'خان بركر', 'خان بركر', 'https://azozzalfiras.dev/api/Icons/Ae3V1vpWLT7taF_j.jpeg', 'يقدم خان بركر مجموعة واسعة من السندويشات والوجبات اللذيذة مع مجموعة مختارة من وجبات الكيتوني.', 'يقدم خان بركر مجموعة واسعة من السندويشات والوجبات اللذيذة مع مجموعة مختارة من وجبات الكيتوني.', '9,000', '4.5', '51', '61', '1', '2022-09-18'),
(104, 2, 'جوكو ستار', 'جوكو ستار', 'https://azozzalfiras.dev/api/Icons/boUXwOUmKhCJpmkY.png', 'هنا الحلويات تعادل السعاد. دلل نفسك بألذ الحلويات والمشروبات.', 'هنا الحلويات تعادل السعاد. دلل نفسك بألذ الحلويات والمشروبات.', '9,000', '', '36', '46', '1', '2022-09-18'),
(105, 2, 'مستر فود - المنصور', 'مستر فود - المنصور', 'https://azozzalfiras.dev/api/Icons/c7WNvTDoOVfjzZUa.png', 'نقدم البركر مع فرحة مثالية في كل لقمة.', 'نقدم البركر مع فرحة مثالية في كل لقمة.', '9,000', '', '20', '30', '1', '2022-09-18'),
(106, 2, 'لحم بعجين الجندل - حي الجامعة', 'لحم بعجين الجندل - حي الجامعة', 'https://azozzalfiras.dev/api/Icons/bMTkC7VLkqRcftSB.png', 'نحن نقدم أشهى تشكيلة من لحم بعجين والبرغر بالاضافة الى مجموعة متنوعة من البيتزا والصاج.', 'نحن نقدم أشهى تشكيلة من لحم بعجين والبرغر بالاضافة الى مجموعة متنوعة من البيتزا والصاج.', '9,000', '', '53', '63', '1', '2022-09-18'),
(107, 2, 'فاير فلاي - العامرية', 'فاير فلاي - العامرية', 'https://azozzalfiras.dev/api/Icons/yLNLOXS8r68L6WCs.jpeg', 'فاير فلاي متخصص في تقديم مجموعة واسعة من البركر اللذيذ.', 'فاير فلاي متخصص في تقديم مجموعة واسعة من البركر اللذيذ.', '9,000', '5', '41', '51', '1', '2022-09-18'),
(108, 2, 'قصابة ومشويات الشيف', 'قصابة ومشويات الشيف', 'https://azozzalfiras.dev/api/Icons/WPGviCKBmf8e584w.png', 'المكان المناسب لاكتشاف كل ما هو طازج من لحم عجل ولحم الغنم والمشاوي اللذيذة.', 'المكان المناسب لاكتشاف كل ما هو طازج من لحم عجل ولحم الغنم والمشاوي اللذيذة.', '9,000', '', '34', '44', '1', '2022-09-18'),
(109, 2, 'مستر بركر', 'مستر بركر', 'https://azozzalfiras.dev/api/Icons/TWRL-H5KMOMguTJT.jpeg', 'طعم البرغر الحقيقي. مستر برغر يقدم افضل انواع البرغر وسندويشات الدجاج والبيتزا والشاورما.', 'طعم البرغر الحقيقي. مستر برغر يقدم افضل انواع البرغر وسندويشات الدجاج والبيتزا والشاورما.', '9,000', '', '41', '51', '1', '2022-09-18'),
(110, 2, 'مطعم اوروك - حي الخضراء', 'مطعم اوروك - حي الخضراء', 'https://azozzalfiras.dev/api/Icons/84ZClU0Vl58A4BLW.png', 'نقدم ألذ تشكيلة من وجبات الافطار والسندويشات بالاضافة الى مجموعة متنوعة من الشاورما والبيتزا والمشاوي والاطباق الغربية.', 'نقدم ألذ تشكيلة من وجبات الافطار والسندويشات بالاضافة الى مجموعة متنوعة من الشاورما والبيتزا والمشاوي والاطباق الغربية.', '9,000', '', '46', '56', '1', '2022-09-18'),
(111, 2, 'ارتواء كافيه', 'ارتواء كافيه', 'https://azozzalfiras.dev/api/Icons/qHbMBa1ET09xuS-5.png', 'استمتع برحلة مليئة بالسعادة من خلال العديد من الاطباق التي نقدمها لكم من كريب, وافل و المشروبات الباردة التي سوف تحلي ايامكم!', 'استمتع برحلة مليئة بالسعادة من خلال العديد من الاطباق التي نقدمها لكم من كريب, وافل و المشروبات الباردة التي سوف تحلي ايامكم!', '', '', '36', '46', '1', '2022-09-18'),
(112, 2, 'مملكة الجليد', 'مملكة الجليد', 'https://azozzalfiras.dev/api/Icons/ugEZK_zsm8NZU_3m.png', 'آيس كريم لذيذ من مملكة الجليد بالاضافة الى مجموعة متنوعة من الكريب والوافل والازبري.', 'آيس كريم لذيذ من مملكة الجليد بالاضافة الى مجموعة متنوعة من الكريب والوافل والازبري.', '', '', '35', '45', '1', '2022-09-18'),
(113, 2, 'كيكايتي', 'كيكايتي', 'https://azozzalfiras.dev/api/Icons/mHPwvE2l5Bxr_rI5.jpeg', 'المحطة المثالية لتناول الحلوى أو المالح ، مع المجموعة التي نقدمها ، نضمن لك أشهى الحلويات التي ستتذوقها على الإطلاق.', 'المحطة المثالية لتناول الحلوى أو المالح ، مع المجموعة التي نقدمها ، نضمن لك أشهى الحلويات التي ستتذوقها على الإطلاق.', '', '', '26', '36', '1', '2022-09-18'),
(114, 2, 'لحوم ومشويات بدر', 'لحوم ومشويات بدر', 'https://azozzalfiras.dev/api/Icons/gvODUMMvwdIQC8Ss.png', 'نقدم لكم اللحم العراقي الطازج بالاضافة الى المشاوي اللذيذة.', 'نقدم لكم اللحم العراقي الطازج بالاضافة الى المشاوي اللذيذة.', '9,000', '4.9', '20', '30', '1', '2022-09-18'),
(115, 2, 'شاورما الشيخ', 'شاورما الشيخ', 'https://azozzalfiras.dev/api/Icons/KfUQjstM7r_W_jyH.png', 'شاورما الشيخ يقدم افضل شاورما الدجاج الى باب منزلك.', 'شاورما الشيخ يقدم افضل شاورما الدجاج الى باب منزلك.', '9,000', '', '33', '43', '1', '2022-09-18'),
(116, 2, 'مطعم 1 بي بي 1', 'مطعم 1 بي بي 1', 'https://azozzalfiras.dev/api/Icons/WU2oNZXWcZf9jQVK.jpeg', 'تذوق الطعم الرائع. هنا لتلبية رغباتك من خلال تقديم مجموعة واسعة من المعجنات والبرغر والسندويشات والبيتزا وأطباق الدايت.', 'تذوق الطعم الرائع. هنا لتلبية رغباتك من خلال تقديم مجموعة واسعة من المعجنات والبرغر والسندويشات والبيتزا وأطباق الدايت.', '9,000', '', '28', '38', '1', '2022-09-18'),
(117, 2, 'دايت لاب - اليرموك', 'دايت لاب - اليرموك', 'https://azozzalfiras.dev/api/Icons/-e322zMrL2JIJNoS.png', 'دايت لاب يقدم اشهى اطباق اللحم والدجاج والباستا الصحية, بالاضافة الى السلطات والحساء الى باب منزلك.', 'دايت لاب يقدم اشهى اطباق اللحم والدجاج والباستا الصحية, بالاضافة الى السلطات والحساء الى باب منزلك.', '9,000', '4.7', '40', '50', '1', '2022-09-18'),
(118, 2, 'الشيف السوري', 'الشيف السوري', 'https://azozzalfiras.dev/api/Icons/SSIsO16b3QY1P1HN.png', 'الشاورما السورية بأفضل طريقة. نحن نقدم شاورما شهية مُعدة جيدًا هنا في الشيف السوري حيث يلتقي التفاني والكمال.', 'الشاورما السورية بأفضل طريقة. نحن نقدم شاورما شهية مُعدة جيدًا هنا في الشيف السوري حيث يلتقي التفاني والكمال.', '9,000', '', '', '', '1', '2022-09-18'),
(119, 2, 'عالحطب', 'عالحطب', 'https://azozzalfiras.dev/api/Icons/zHrIspkOKKpCSCX_.jpeg', 'استمتع بكل لحظة مع البرغر اللذيذ المشوي على الفحم، بالاضافة الى المناقيش وشاورما الدجاج والبيتزا.', 'استمتع بكل لحظة مع البرغر اللذيذ المشوي على الفحم، بالاضافة الى المناقيش وشاورما الدجاج والبيتزا.', '9,000', '', '', '', '1', '2022-09-18'),
(120, 2, 'بيتزا هيلين', 'بيتزا هيلين', 'https://azozzalfiras.dev/api/Icons/FtRICOuD73UUGhKZ.png', 'الطعم الحقيقي لم يعد حلم, الان مع هيلين بيتزا استمتع باحلى تجربة مع العديد من الخيارات اللذيذة التي سوف تلبي شهيتك.', 'الطعم الحقيقي لم يعد حلم, الان مع هيلين بيتزا استمتع باحلى تجربة مع العديد من الخيارات اللذيذة التي سوف تلبي شهيتك.', '9,000', '', '', '', '1', '2022-09-18'),
(121, 2, 'كاكا صديق', 'كاكا صديق', 'https://azozzalfiras.dev/api/Icons/8rcHU4WgkaM6CdHi.jpeg', 'الطريقة الصحيحة لبدء يومك هي من خلال الطلب من فطورنا التقليدي، بالاضافة الى الأطباق العراقية.', 'الطريقة الصحيحة لبدء يومك هي من خلال الطلب من فطورنا التقليدي، بالاضافة الى الأطباق العراقية.', '6,000', '4.9', '12', '55', '1', '2022-09-18'),
(122, 2, 'تجهيزات ورق الصفصاف', 'تجهيزات ورق الصفصاف', 'https://azozzalfiras.dev/api/Icons/kUEkgGOhPOTQcbZ-.jpeg', 'تجهيزات ورق الصفصاف هي شركة عراقية تنتج معجنات مجمدة جاهزة للطبخ بالإضافة إلى مجموعة متنوعة من الأطعمة المجمدة و الجاهزة.', 'تجهيزات ورق الصفصاف هي شركة عراقية تنتج معجنات مجمدة جاهزة للطبخ بالإضافة إلى مجموعة متنوعة من الأطعمة المجمدة و الجاهزة.', '9,000', '', '', '', '1', '2022-09-18'),
(123, 2, 'اسماك العريش', 'اسماك العريش', 'https://azozzalfiras.dev/api/Icons/RmNxBmfFP7fn18j-.png', 'صيد اليوم مختلف في أسماك العريش. تذوق أشهى وجبات الفطور العراقية وأطباق السمك الطازجة.', 'صيد اليوم مختلف في أسماك العريش. تذوق أشهى وجبات الفطور العراقية وأطباق السمك الطازجة.', '9,000', '', '', '', '1', '2022-09-18'),
(124, 2, 'دجاج هارون', 'دجاج هارون', 'https://azozzalfiras.dev/api/Icons/-ReC7KRf_vWrvIc5.png', 'يقدم طعامنا اللذيذ تجربة عربية أصيلة، من الدجاج المشوي والمحشي الى المندي اليمني اللذيذ.', 'يقدم طعامنا اللذيذ تجربة عربية أصيلة، من الدجاج المشوي والمحشي الى المندي اليمني اللذيذ.', '9,000', '', '', '', '1', '2022-09-18'),
(125, 2, 'برغر بروز', 'برغر بروز', 'https://azozzalfiras.dev/api/Icons/c4eYMy5zUvqkd2xG.jpeg', ' متخصصون في تقديم البرغر اللذيذ الذي يرضي ذوقك.', ' متخصصون في تقديم البرغر اللذيذ الذي يرضي ذوقك.', '9,000', '', '', '', '1', '2022-09-18'),
(126, 2, 'زنجر كنك', 'زنجر كنك', 'https://azozzalfiras.dev/api/Icons/C-b0JRv5sVNaDo7F.png', 'سندويشات ووجبات دجاج طازجة محضرة لتوفر لك أفضل نكهة لا تنسى.', 'سندويشات ووجبات دجاج طازجة محضرة لتوفر لك أفضل نكهة لا تنسى.', '9,000', '', '', '', '1', '2022-09-18'),
(127, 2, 'ابن البادية', 'ابن البادية', 'https://azozzalfiras.dev/api/Icons/LUBbQ1xyOSZEBT_4.png', 'تجربة مغامرة أخرى حيث يمكنك تذوق القليل من الشغف في كل طبق نقدمه.', 'تجربة مغامرة أخرى حيث يمكنك تذوق القليل من الشغف في كل طبق نقدمه.', '9,000', '', '', '', '1', '2022-09-18'),
(128, 3, 'كباب جي', 'كباب جي', 'https://azozzalfiras.dev/api/Icons/CasI6Se7_nAWNlzB.png', 'يقدم كباب جي ألذ أنواع مشاوي اللحم ومشاوي الدجاج التي ترضي ذوقك.', 'يقدم كباب جي ألذ أنواع مشاوي اللحم ومشاوي الدجاج التي ترضي ذوقك.', '9,000', '', '32', '42', '1', '2022-09-19'),
(129, 3, 'مطبخ الابرار', 'مطبخ الابرار', 'https://azozzalfiras.dev/api/Icons/aeEQp_ilQU99_C0O.png', 'نقدم أشهى أطباق الفطور والأطباق الشرقية والصاج.', 'نقدم أشهى أطباق الفطور والأطباق الشرقية والصاج.', '9,000', '', '38', '48', '1', '2022-09-19'),
(130, 3, 'بيت الزعتر', 'بيت الزعتر', 'https://azozzalfiras.dev/api/Icons/GpRKDjLazW88XB1T.jpeg', 'We offer a wide variety of meals with our special flavors.', '', '9,000', '4.9', '34', '44', '1', '2022-09-19'),
(131, 3, 'دجاج محشي المنصور', 'دجاج محشي المنصور', 'https://azozzalfiras.dev/api/Icons/l_qlqfPoBlrh0gqX.png', 'نقوم بتقديم اشهى انواع الدجاج المشوي والاطباق الشرقية.', 'نقوم بتقديم اشهى انواع الدجاج المشوي والاطباق الشرقية.', '9,000', '4.9', '31', '41', '1', '2022-09-19'),
(132, 3, 'بي بي سويت', 'بي بي سويت', 'https://azozzalfiras.dev/api/Icons/WTF-oZdUH2lI9olq.png', 'متخصصون في تقديم أشهى أنواع الكيك والكريب والوافل والبان كيك بالاضافة الى مجموعة متنوعة من المشروبات.', 'متخصصون في تقديم أشهى أنواع الكيك والكريب والوافل والبان كيك بالاضافة الى مجموعة متنوعة من المشروبات.', '9,000', '4.7', '43', '53', '1', '2022-09-19'),
(133, 3, 'الكوخ لمستلزمات الحيوانات', 'الكوخ لمستلزمات الحيوانات', 'https://azozzalfiras.dev/api/Icons/GsyS00TxG2eZKxUz.png', 'يوفر متجر الكوخ للحيوانات الأليفة أجود أنواع أطعمة القطط.', 'يوفر متجر الكوخ للحيوانات الأليفة أجود أنواع أطعمة القطط.', '13,000', '4.9', '23', '33', '1', '2022-09-19'),
(134, 3, 'حلويات العسل', 'حلويات العسل', 'https://azozzalfiras.dev/api/Icons/H0BK8S3aRaNuBRIk.png', 'نقدم أشهى تشكيلة من البقلاوة والكيك والمعجنات والحلاوة بالاضافة الى مجموعة متنوعة من الحلويات الشرقية.', 'نقدم أشهى تشكيلة من البقلاوة والكيك والمعجنات والحلاوة بالاضافة الى مجموعة متنوعة من الحلويات الشرقية.', '13,000', '4.9', '23', '33', '1', '2022-09-19'),
(135, 3, 'براندز العراق', 'براندز العراق', 'https://azozzalfiras.dev/api/Icons/Usb-DBRZ8R2Iw2yn.jpeg', 'تقدم براندز العراق أجود أنواع صابون البحر الميت ومنتجات العناية بالبشرة والجسم.', 'تقدم براندز العراق أجود أنواع صابون البحر الميت ومنتجات العناية بالبشرة والجسم.', '13,000', '3.3', '57', '67', '8', '2022-09-19'),
(136, 3, 'قصابية محمد ديوان - المنصور', 'قصابية محمد ديوان - المنصور', 'https://azozzalfiras.dev/api/Icons/VL0fgOG1YUhxgtsy.png', 'نقدم أفضل تشكيلة من اللحوم الطازجة بالاضافة الى مجموعة متنوعة من المجمدات.', 'نقدم أفضل تشكيلة من اللحوم الطازجة بالاضافة الى مجموعة متنوعة من المجمدات.', '13,000', '4.9', '32', '42', '1', '2022-09-19'),
(137, 3, 'مون لايت - مول بغداد', 'مون لايت - مول بغداد', 'https://azozzalfiras.dev/api/Icons/GnMCjF7P8SQKKPus.jpeg', 'مون لايت متخصص في تقديم ألذ أنواع البرغر والسندويشات والصاج بالاضافة الى مجموعة متنوعة من البيتزا ووجبات الدجاج والشاورما.', 'مون لايت متخصص في تقديم ألذ أنواع البرغر والسندويشات والصاج بالاضافة الى مجموعة متنوعة من البيتزا ووجبات الدجاج والشاورما.', '13,000', '4.9', '42', '52', '1', '2022-09-19'),
(138, 3, 'مطعم حتوتة', 'مطعم حتوتة', 'https://azozzalfiras.dev/api/Icons/SE1GazwJj8JOAZeK.png', 'استمتع بسندويشاتنا اللذيذة المصنوعة من مكونات خاصة, بالاضافة الى الشاورما والفلافل والفتة.', 'استمتع بسندويشاتنا اللذيذة المصنوعة من مكونات خاصة, بالاضافة الى الشاورما والفلافل والفتة.', '13,000', '4.9', '42', '52', '1', '2022-09-19'),
(139, 3, 'شام فلورز شوب', 'شام فلورز شوب', 'https://azozzalfiras.dev/api/Icons/N3zjuKu0F-9h9cXj.png', 'يقدم شام فلورز شوب بوكيهات الورد الطبيعية والمسكات.', 'يقدم شام فلورز شوب بوكيهات الورد الطبيعية والمسكات.', '13,000', '3.3', '42', '52', '1', '2022-09-19'),
(140, 3, 'الكوخ روز', 'الكوخ روز', 'https://azozzalfiras.dev/api/Icons/PovlnVfta3_0-Ka7.png', 'اطلب باقات الزهور وعلب الزهور والسلات المثالية لجميع المناسبات.', 'اطلب باقات الزهور وعلب الزهور والسلات المثالية لجميع المناسبات.', '13,000', '5', '30', '40', '1', '2022-09-19'),
(141, 3, 'زهور ار كيو', 'زهور ار كيو', 'https://azozzalfiras.dev/api/Icons/v9xPJ2d5hn5wFR44.jpeg', 'نقدم مجموعة متنوعة من أفضل أنواع الورد الجميل والطبيعي.', 'نقدم مجموعة متنوعة من أفضل أنواع الورد الجميل والطبيعي.', '13,000', '4.8', '35', '45', '8', '2022-09-19'),
(142, 3, 'سندباد للاكلات السريعة', 'سندباد للاكلات السريعة', 'https://images.totersapp.com/stores/cover/13197/HW1RrDFNVZ74C3sS.jpeg', 'استمتع بمجموعة متنوعة من ألذ السندويشات والصاج والبرغر والبيتزا والشاورما، بالاضافة الى الباستا والمشاوي والكومبير ووجبات الدجاج.', 'استمتع بمجموعة متنوعة من ألذ السندويشات والصاج والبرغر والبيتزا والشاورما، بالاضافة الى الباستا والمشاوي والكومبير ووجبات الدجاج.', '16,000', '3.3', '37', '47', '1', '2022-09-19'),
(143, 3, 'تي بركر', 'تي بركر', 'https://azozzalfiras.dev/api/Icons/YurgtWQVBuvO7hPs.png', 'متخصصون في تقديم أشهى أنواع برغر لحم وبرغر دجاج التي يتم توصيلها إلى باب منزلك.', 'متخصصون في تقديم أشهى أنواع برغر لحم وبرغر دجاج التي يتم توصيلها إلى باب منزلك.', '16,000', '3.3', '66', '76', '1', '2022-09-19'),
(144, 3, 'سناك محمد ديوان', 'سناك محمد ديوان', 'https://azozzalfiras.dev/api/Icons/A_PlLGtzcvsvwWYu.jpeg', 'نقدم أفضل أنواع الشاورما والبرغر والسندويشات المطبوخة من اللحم والدجاج العراقي.', 'نقدم أفضل أنواع الشاورما والبرغر والسندويشات المطبوخة من اللحم والدجاج العراقي.', '16,000', '5', '29', '39', '8', '2022-09-19'),
(145, 3, 'خوش قيمة', 'خوش قيمة', 'https://azozzalfiras.dev/api/Icons/bcVOH8pO1KwxOqFZ.png', 'استمتع بالرز والقيمة التقليدية الخاصة بنا بالنكهة العراقية اللذيذة.', 'استمتع بالرز والقيمة التقليدية الخاصة بنا بالنكهة العراقية اللذيذة.', '16,000', '4.9', '23', '33', '8', '2022-09-19'),
(146, 3, 'فلافل فالح ابو العمبة - المنصور', 'فلافل فالح ابو العمبة - المنصور', 'https://azozzalfiras.dev/api/Icons/YzFhDCseAtvQuo3N.jpeg', 'استمتع بمجموعة مختارة من سندويشات وأطباق الفلافل الخاصة بنا، بالاضافة الى سندويشات ووجبات الشاورما اللذيذة.', 'استمتع بمجموعة مختارة من سندويشات وأطباق الفلافل الخاصة بنا، بالاضافة الى سندويشات ووجبات الشاورما اللذيذة.', '16,000', '4.8', '31', '41', '8', '2022-09-19'),
(147, 3, 'ارتواء كافيه', 'ارتواء كافيه', 'https://azozzalfiras.dev/api/Icons/qHbMBa1ET09xuS-5.png', 'استمتع برحلة مليئة بالسعادة من خلال العديد من الاطباق التي نقدمها لكم من كريب, وافل و المشروبات الباردة التي سوف تحلي ايامكم!', 'استمتع برحلة مليئة بالسعادة من خلال العديد من الاطباق التي نقدمها لكم من كريب, وافل و المشروبات الباردة التي سوف تحلي ايامكم!', '16,000', '4.5', '35', '45', '8', '2022-09-19'),
(148, 3, 'دايت لاب - اليرموك', 'دايت لاب - اليرموك', 'https://azozzalfiras.dev/api/Icons/-e322zMrL2JIJNoS.png', 'دايت لاب يقدم اشهى اطباق اللحم والدجاج والباستا الصحية, بالاضافة الى السلطات والحساء الى باب منزلك.', 'دايت لاب يقدم اشهى اطباق اللحم والدجاج والباستا الصحية, بالاضافة الى السلطات والحساء الى باب منزلك.', '16,000', '4.7', '45', '55', '3', '2022-09-19'),
(149, 3, 'بيب بيب', 'بيب بيب', 'https://azozzalfiras.dev/api/Icons/RTVWAl1MBTf4SB9j.png', 'نقدم أشهى انواع البرغر لحم والبرغر الدجاج بالاضافة الى مجموعة متنوعة من السندويشات والشاورما.', 'نقدم أشهى انواع البرغر لحم والبرغر الدجاج بالاضافة الى مجموعة متنوعة من السندويشات والشاورما.', '16,000', '4.7', '39', '49', '2', '2022-09-19'),
(150, 3, 'مملكة الجليد', 'مملكة الجليد', 'https://azozzalfiras.dev/api/Icons/ugEZK_zsm8NZU_3m.png', 'آيس كريم لذيذ من مملكة الجليد بالاضافة الى مجموعة متنوعة من الكريب والوافل والازبري.', 'آيس كريم لذيذ من مملكة الجليد بالاضافة الى مجموعة متنوعة من الكريب والوافل والازبري.', '16,000', '4.3', '35', '45', '10', '2022-09-19'),
(151, 3, 'لحم بعجين الجندل - حي الجامعة', 'لحم بعجين الجندل - حي الجامعة', 'https://azozzalfiras.dev/api/Icons/bMTkC7VLkqRcftSB.png', 'نحن نقدم أشهى تشكيلة من لحم بعجين والبرغر بالاضافة الى مجموعة متنوعة من البيتزا والصاج.', 'نحن نقدم أشهى تشكيلة من لحم بعجين والبرغر بالاضافة الى مجموعة متنوعة من البيتزا والصاج.', '16,000', '3.4', '53', '63', '10', '2022-09-19'),
(152, 3, 'كيكايتي', 'كيكايتي', 'https://azozzalfiras.dev/api/Icons/mHPwvE2l5Bxr_rI5.jpeg', 'المحطة المثالية لتناول الحلوى أو المالح ، مع المجموعة التي نقدمها ، نضمن لك أشهى الحلويات التي ستتذوقها على الإطلاق.', 'المحطة المثالية لتناول الحلوى أو المالح ، مع المجموعة التي نقدمها ، نضمن لك أشهى الحلويات التي ستتذوقها على الإطلاق.', '16,000', '4.5', '26', '36', '9', '2022-09-19'),
(153, 3, 'مطعم 1 بي بي 1', 'مطعم 1 بي بي 1', 'https://azozzalfiras.dev/api/Icons/WU2oNZXWcZf9jQVK.jpeg', 'تذوق الطعم الرائع. هنا لتلبية رغباتك من خلال تقديم مجموعة واسعة من المعجنات والبرغر والسندويشات والبيتزا وأطباق الدايت.', 'تذوق الطعم الرائع. هنا لتلبية رغباتك من خلال تقديم مجموعة واسعة من المعجنات والبرغر والسندويشات والبيتزا وأطباق الدايت.', '16,000', '4.5', '29', '39', '11', '2022-09-19'),
(154, 3, 'مستر فود - المنصور', 'مستر فود - المنصور', 'https://azozzalfiras.dev/api/Icons/c7WNvTDoOVfjzZUa.png', 'نقدم البركر مع فرحة مثالية في كل لقمة.', 'نقدم البركر مع فرحة مثالية في كل لقمة.', '16,000', '3.4', '25', '35', '15', '2022-09-19'),
(155, 3, 'اسماك العريش', 'اسماك العريش', 'https://azozzalfiras.dev/api/Icons/RmNxBmfFP7fn18j-.png', 'صيد اليوم مختلف في أسماك العريش. تذوق أشهى وجبات الفطور العراقية وأطباق السمك الطازجة.', 'صيد اليوم مختلف في أسماك العريش. تذوق أشهى وجبات الفطور العراقية وأطباق السمك الطازجة.', '16,000', '5.0', '36', '46', '15', '2022-09-19'),
(156, 3, 'فاير فلاي - العامرية', 'فاير فلاي - العامرية', 'https://images.totersapp.com/stores/cover/13555/yLNLOXS8r68L6WCs.jpeg', 'فاير فلاي متخصص في تقديم مجموعة واسعة من البركر اللذيذ.', 'فاير فلاي متخصص في تقديم مجموعة واسعة من البركر اللذيذ.', '16,000', '5', '38', '48', '14', '2022-09-19'),
(157, 3, 'مطعم التمار', 'مطعم التمار', 'https://azozzalfiras.dev/api/Icons/GYI_RDNpWLLTc-bR.png', 'الفطور العراقي في أفضل والذ حالاته، جرب أطباقنا التقليدية بالنكهة العراقية الأصلية.', 'الفطور العراقي في أفضل والذ حالاته، جرب أطباقنا التقليدية بالنكهة العراقية الأصلية.', '16,000', '5.0', '26', '36', '12', '2022-09-19'),
(158, 6, 'توترز فريش - بغداد', 'توترز فريش - بغداد', 'https://azozzalfiras.dev/api/Icons/8u8zPoBK2joBMfim.jpeg', 'مسواكك على مزاجك! نوصل لك مجموعة واسعة من المنتجات الطازجة و المغلفة للحفاظ على مخزون الوجبات في ثلاجتك وبيتك.', 'مسواكك على مزاجك! نوصل لك مجموعة واسعة من المنتجات الطازجة و المغلفة للحفاظ على مخزون الوجبات في ثلاجتك وبيتك.', '16,000', '4.9', '32', '42', '2', '2022-09-19'),
(159, 6, 'قصابة ومشويات الشيف', 'قصابة ومشويات الشيف', 'https://azozzalfiras.dev/api/Icons/WPGviCKBmf8e584w.png', 'المكان المناسب لاكتشاف كل ما هو طازج من لحم عجل ولحم الغنم والمشاوي اللذيذة.', 'المكان المناسب لاكتشاف كل ما هو طازج من لحم عجل ولحم الغنم والمشاوي اللذيذة.', '16,000', '4.9', '35', '45', '7', '2022-09-19'),
(160, 6, 'علوة خيرات المنصور', 'علوة خيرات المنصور', 'https://azozzalfiras.dev/api/Icons/ebtQHv1uqMNoSILk.png', 'نقدم مجموعة واسعة من الفواكه والخضار الطازجة, بالاضافة الى التمور ذات الطعم المميز التي لدينا.', 'نقدم مجموعة واسعة من الفواكه والخضار الطازجة, بالاضافة الى التمور ذات الطعم المميز التي لدينا.', '16,000', '4.6', '31', '41', '13', '2022-09-19'),
(161, 6, 'علوة ماشاء الله', 'علوة ماشاء الله', 'https://azozzalfiras.dev/api/Icons/juUefP6kVFOfK7gB.jpeg', 'نقدم مجموعة واسعة من الخضار والفواكه الطازجة، إلى جانب مجموعة متنوعة من العلب والبرطمانات التي يتم توصيلها إلى باب منزلك.', 'نقدم مجموعة واسعة من الخضار والفواكه الطازجة، إلى جانب مجموعة متنوعة من العلب والبرطمانات التي يتم توصيلها إلى باب منزلك.', '16,000', '4.7', '33', '43', '13', '2022-09-19'),
(162, 6, 'لحوم ومشويات بدر', 'لحوم ومشويات بدر', 'https://azozzalfiras.dev/api/Icons/gvODUMMvwdIQC8Ss.png', 'نقدم لكم اللحم العراقي الطازج بالاضافة الى المشاوي اللذيذة.', 'نقدم لكم اللحم العراقي الطازج بالاضافة الى المشاوي اللذيذة.', '16,000', '4.9', '13', '23', '8', '2022-09-19'),
(163, 6, 'قصابة وبقالة حلب - المنصور', 'قصابة وبقالة حلب - المنصور', 'https://azozzalfiras.dev/api/Icons/E-9dga8MsjElZHko.jpeg', 'نقدم أفضل تشكيلة من اللحم الطازج والدجاج والأسماك التي يتم توصيلها جميعًا إلى باب منزلك.', 'نقدم أفضل تشكيلة من اللحم الطازج والدجاج والأسماك التي يتم توصيلها جميعًا إلى باب منزلك.', '12,000', '4.9', '50', '60', '6', '2022-09-19'),
(164, 6, 'لحوم وعد الجبوري', 'لحوم وعد الجبوري', 'https://azozzalfiras.dev/api/Icons/D8Wdv3QUAMzYUcG3.png', 'متخصصون بتقديم تشكيلة واسعة من اللحوم والمشاوي العراقية التي يتم توصيلها الى باب منزلك.', 'متخصصون بتقديم تشكيلة واسعة من اللحوم والمشاوي العراقية التي يتم توصيلها الى باب منزلك.', '12,000', '4.9', '32', '42', '6', '2022-09-19'),
(165, 6, 'مشويات و قصابة ابو حاتم', 'مشويات و قصابة ابو حاتم', 'https://azozzalfiras.dev/api/Icons/MhpS3L-TzK1JRbKq.jpeg', 'نقدم اللحوم العراقية الطازجة و المشويات بمذاق ممتاز و فريد.', 'نقدم اللحوم العراقية الطازجة و المشويات بمذاق ممتاز و فريد.', '12,000', '4.9', '32', '42', '6', '2022-09-19'),
(166, 6, 'علوة السنابل', 'علوة السنابل', 'https://azozzalfiras.dev/api/Icons/QvKVQ5ny0bJwELhk.png', 'نقدم تشكيلة مميزة من الخضروات والفواكه الطازجة.', 'نقدم تشكيلة مميزة من الخضروات والفواكه الطازجة.', '12,000', '4.4', '12', '', '13', '2022-09-19'),
(167, 6, 'تجهيزات ومشويات الطيب', 'تجهيزات ومشويات الطيب', 'https://azozzalfiras.dev/api/Icons/6teCLbXEL56zA-zh.jpeg', 'نقدم مجموعة واسعة من اللحوم العراقية الطازجة والدجاج الجاهزة للطبخ, بالاضافة الى المشاوي اللذيذة.', 'نقدم مجموعة واسعة من اللحوم العراقية الطازجة والدجاج الجاهزة للطبخ, بالاضافة الى المشاوي اللذيذة.', '12,000', '4.3', '4.3', '12', '7', '2022-09-19'),
(168, 7, 'نسيم العراق', 'نسيم العراق', 'https://azozzalfiras.dev/api/Icons/YLRFRBDSQL9-VbZi.png', 'كريمات, أقنعة والعديد من المنتجات الأخرى التي يتم توفيرها بشكل خاص للحفاظ على نضارة بشرتك.', 'كريمات, أقنعة والعديد من المنتجات الأخرى التي يتم توفيرها بشكل خاص للحفاظ على نضارة بشرتك.', '12,000', '4.5', '41', '51', '1', '2022-09-19'),
(169, 7, 'ارتوك بي', 'ارتوك بي', 'https://azozzalfiras.dev/api/Icons/UoXGXdBENFc5Zv_J.jpeg', 'نقدم تشكيلة كبيرة من القهوة التركية والحلويات والمكسرات التي ترضي ذوقك.', 'نقدم تشكيلة كبيرة من القهوة التركية والحلويات والمكسرات التي ترضي ذوقك.', '12,000', '4.8', '26', '36', '1', '2022-09-19'),
(170, 7, 'الكوخ لمستلزمات الحيوانات', 'الكوخ لمستلزمات الحيوانات', 'https://azozzalfiras.dev/api/Icons/GsyS00TxG2eZKxUz.png', 'يوفر متجر الكوخ للحيوانات الأليفة أجود أنواع أطعمة القطط.', 'يوفر متجر الكوخ للحيوانات الأليفة أجود أنواع أطعمة القطط.', '12,000', '4.9', '23', '33', '1', '2022-09-19'),
(171, 7, 'براندز العراق', 'براندز العراق', 'https://azozzalfiras.dev/api/Icons/Usb-DBRZ8R2Iw2yn.jpeg', 'تقدم براندز العراق أجود أنواع صابون البحر الميت ومنتجات العناية بالبشرة والجسم.', 'تقدم براندز العراق أجود أنواع صابون البحر الميت ومنتجات العناية بالبشرة والجسم.', '12,000', '', '57', '67', '1', '2022-09-19'),
(172, 7, 'كرزات أرز لبنان', 'كرزات أرز لبنان', 'https://azozzalfiras.dev/api/Icons/ljKTLwJ-e0WQ8UvN.png', 'نقدم أفضل وأشهى المكسرات اللبنانية.', 'نقدم أفضل وأشهى المكسرات اللبنانية.', '12,000', '4.9', '25', '35', '1', '2022-09-19'),
(173, 7, 'جنة الطبيعة للمنتجات العضوية', 'جنة الطبيعة للمنتجات العضوية', 'https://azozzalfiras.dev/api/Icons/yBSeOnCEXWG3_TV2.png', 'نقدم مجموعة واسعة من المنتجات العضوية المميزة و الفريدة.', 'نقدم مجموعة واسعة من المنتجات العضوية المميزة و الفريدة.', '12,000', '4', '15', '25', '1', '2022-09-19'),
(174, 7, 'الرؤيا', 'الرؤيا', 'https://azozzalfiras.dev/api/Icons/2ljV_HZnKPtACuVG.png', 'نقدم لك مجموعة واسعة من مستلزمات الهواتف المحمولة ، بالاضافة الى مجموعة متنوعة من الاكسسوارات.', 'نقدم لك مجموعة واسعة من مستلزمات الهواتف المحمولة ، بالاضافة الى مجموعة متنوعة من الاكسسوارات.', '12,000', '5', '49', '59', '1', '2022-09-19'),
(175, 7, 'ارت فلورز', 'ارت فلورز', 'https://azozzalfiras.dev/api/Icons/Gu-gNaQr3b7ht4EK.jpeg', 'مجموعة مميزة من باقات وبوكس الزهور الطبيعية.', 'مجموعة مميزة من باقات وبوكس الزهور الطبيعية.', '12,000', '4.8', '58', '68', '1', '2022-09-19'),
(176, 7, 'كابيتانو العراق', 'كابيتانو العراق', 'https://azozzalfiras.dev/api/Icons/bfVmAy6JVXEHBn9Y.png', 'الجودة والابتكار هما المكونان الأساسيان لمعجون الأسنان من كابيتان مما يجعله مصمم لجميع أفراد الأسرة من الصغار إلى كبار السن.', 'الجودة والابتكار هما المكونان الأساسيان لمعجون الأسنان من كابيتان مما يجعله مصمم لجميع أفراد الأسرة من الصغار إلى كبار السن.', '12,000', '4.9', '27', '37', '1', '2022-09-19'),
(177, 7, 'صيدلية اوزون', 'صيدلية اوزون', 'https://azozzalfiras.dev/api/Icons/NuHj-saFf56rWOpS.jpeg', 'نزودك بمكملات البروتين الضرورية، بالاضافة الى منتجات التجميل والعناية الشخصية التي يتم توصيلها إلى باب منزلك.', 'نزودك بمكملات البروتين الضرورية، بالاضافة الى منتجات التجميل والعناية الشخصية التي يتم توصيلها إلى باب منزلك.', '12,000', '4.8', '32', '42', '1', '2022-09-19'),
(178, 7, 'منحل بيت العسل', 'منحل بيت العسل', 'https://azozzalfiras.dev/api/Icons/3yrpQr9MlFiubQu1.png', 'منحل بيت العسل', 'منحل بيت العسل', '8,000', '4.9', '25', '35', '1', '2022-09-19'),
(179, 7, 'أزهار شو حلو', 'أزهار شو حلو', 'https://azozzalfiras.dev/api/Icons/j5-LdJRotCi-dP9D.jpeg', 'نقدم افضل انواع الأزهار الطبيعية و المميزة.', 'نقدم افضل انواع الأزهار الطبيعية و المميزة.', '8,000', '4.8', '38', '48', '1', '2022-09-19'),
(180, 7, 'مكتبة الابداع', 'مكتبة الابداع', 'https://azozzalfiras.dev/api/Icons/CToOUA5BtlhGkl4y.png', 'لدينا تشكيلة واسعة ومتنوعة من مواد القرطاسية من مختلف المناشئ العالمية.', 'لدينا تشكيلة واسعة ومتنوعة من مواد القرطاسية من مختلف المناشئ العالمية.', '8,000', '4.8', '35', '45', '1', '2022-09-19'),
(181, 7, 'بايو مونة', 'بايو مونة', 'https://azozzalfiras.dev/api/Icons/b3f5Z2aOASSnS8DX.jpeg', 'استمتع بمختارتنا من الحلوى والحبوب بالاضافة الى مجموعة متنوعة من منتجات الألبان.', 'استمتع بمختارتنا من الحلوى والحبوب بالاضافة الى مجموعة متنوعة من منتجات الألبان.', '8,000', '4.3', '', '', '1', '2022-09-19'),
(182, 7, 'مكتبة مكنزي - مول بغداد', 'مكتبة مكنزي - مول بغداد', 'https://azozzalfiras.dev/api/Icons/ukPj56unyR77oPjI.jpeg', 'Maknazi offers a wide variety of english and arabic books.', '', '8,000', '5', '', '', '1', '2022-09-19'),
(183, 7, 'بابلون فون', 'بابلون فون', 'https://azozzalfiras.dev/api/Icons/yLmyTvCfmFLfZ1u4.jpeg', 'نقدم لك جميع المستلزمات الأساسية لهاتفك المحمول، بالاضافة الى مجموعة كبيرة من الاكسسوارات.', 'نقدم لك جميع المستلزمات الأساسية لهاتفك المحمول، بالاضافة الى مجموعة كبيرة من الاكسسوارات.', '8,000', '4.4', '', '', '1', '2022-09-19'),
(184, 8, 'توترز فريش', 'توترز فريش', 'https://azozzalfiras.dev/api/Icons/8u8zPoBK2joBMfim.jpeg', 'مسواگك على مزاجك!', 'مسواگك على مزاجك!', '8,000', '4.9', '34', '44', '8', '2022-09-18');

-- --------------------------------------------------------

--
-- Table structure for table `Search`
--

CREATE TABLE `Search` (
  `id` int(11) NOT NULL,
  `image_url` varchar(1009) NOT NULL,
  `Name` varchar(109) NOT NULL,
  `Tagline` varchar(109) NOT NULL,
  `Counts_Stores` varchar(109) NOT NULL,
  `Time_Add` date NOT NULL
) ENGINE=InnoDB DEFAULT CHARSET=utf8mb4;

--
-- Dumping data for table `Search`
--

INSERT INTO `Search` (`id`, `image_url`, `Name`, `Tagline`, `Counts_Stores`, `Time_Add`) VALUES
(1, 'https://azozzalfiras.dev/api/Icons/0XV-m61yL0_AoIkG.png', 'خصومات السعادة 🤩', 'سعادتك تكمل ويانا مع خصومات تصل إلى %50 حتى الساعة 7 مساءً!', '24', '2022-09-18'),
(2, 'https://azozzalfiras.dev/api/Icons/bEkbEi4NQNq0UiQG.png', 'خصومات العشاء', 'استمتع بخصومات على وجباتك من متاجرك المفضلة!', '22', '2022-09-18');

-- --------------------------------------------------------

--
-- Table structure for table `Stores`
--

CREATE TABLE `Stores` (
  `id` int(11) NOT NULL,
  `Name_ar` text NOT NULL,
  `Image_url` varchar(1009) NOT NULL,
  `Rating` varchar(11) NOT NULL,
  `Min` varchar(11) NOT NULL,
  `Max` varchar(11) NOT NULL,
  `Time_Add` date NOT NULL
) ENGINE=InnoDB DEFAULT CHARSET=utf8mb4;

--
-- Dumping data for table `Stores`
--

INSERT INTO `Stores` (`id`, `Name_ar`, `Image_url`, `Rating`, `Min`, `Max`, `Time_Add`) VALUES
(1, 'فلافل شاورما حارتنا', 'https://azozzalfiras.dev/api/Icons/Sf5BBHAB_WoKcvB_.jpeg', '4.7', '25', '35', '2022-09-18'),
(2, 'ستروبيري', 'https://azozzalfiras.dev/api/Icons/dlCW4T7rBxW_QET2.jpeg', '4.6', '51', '61', '2022-09-18'),
(3, 'بي هيلثي', 'https://azozzalfiras.dev/api/Icons/ChqQRAnkUcxTBHbm.png', '4.6', '59', '69', '2022-09-18'),
(4, 'موري شوكولا', 'https://azozzalfiras.dev/api/Icons/BnJX0cHNSz_13NBE.png', '4.8', '57', '67', '2022-09-18'),
(5, 'مدينة الدجاج', 'https://azozzalfiras.dev/api/Icons/sfeKHTDR_y_-GeU7.png', '4.8', '22', '32', '2022-09-18'),
(6, 'كص و لية', 'https://azozzalfiras.dev/api/Icons/7F4RAYKlQPDCWFP_.jpeg', '4.9', '46', '56', '2022-09-18'),
(7, 'هيروز - البنوك', 'https://azozzalfiras.dev/api/Icons/q26aj7T4rQjZ4ucO.png', '4.9', '25', '35', '2022-09-18'),
(8, 'صاج الريف - الكرادة', 'https://azozzalfiras.dev/api/Icons/lw-cq-QePbbi8pIP.png', '4.7', '53', '63', '2022-09-18'),
(46, 'جبارة', 'https://azozzalfiras.dev/api/Icons/3ugch_Xgx37RZAlh.jpeg', '3.8', '56', '66', '2022-09-18'),
(47, 'بركرجي - الأعظمية', 'https://azozzalfiras.dev/api/Icons/wWTCMg91xldeAwRk.jpeg', '4.6', '27', '37', '2022-09-18'),
(48, 'الكص العراقي', 'https://azozzalfiras.dev/api/Icons/rbJbhFYULXtJHhR9.png', '4.8', '25', '35', '2022-09-18'),
(49, 'فرايد جكن - شارع فلسطين', 'https://azozzalfiras.dev/api/Icons/UUB0n2OAWa5uqhnJ.png', '4.9', '28', '38', '2022-09-18'),
(50, 'شميساني - زيونة', 'https://azozzalfiras.dev/api/Icons/dRz9QYXy_hanwoUJ.png', '4.9', '51', '61', '2022-09-18'),
(51, 'اوبس كافيه - الكرادة 52', 'https://azozzalfiras.dev/api/Icons/R_fG9NoTVQ8hVbVs.jpeg', '4.8', '46', '56', '2022-09-18'),
(52, 'كباب البدوي', 'https://azozzalfiras.dev/api/Icons/rKYiMSX4rNjEmPTm.jpeg', '4.9', '40', '50', '2022-09-18'),
(53, 'لحوم ومشويات الطائي', 'https://azozzalfiras.dev/api/Icons/ixXJ3Q1Z4O9B3t7b.png', '4.9', '33', '43', '2022-09-18'),
(54, 'بربر آغا للوجبات السريعة - زيونة', 'https://azozzalfiras.dev/api/Icons/ZFufAYepcKsmNku-.jpeg', '4.7', '60', '70', '2022-09-18'),
(55, 'عياي دبل', 'https://azozzalfiras.dev/api/Icons/6JqPOv94dPBj9jk8.png', '4.6', '25', '35', '2022-09-18'),
(56, 'تكساس جكن - دريم ستي مول', 'https://azozzalfiras.dev/api/Icons/zlt9arvB5JHZo3XW.png', '4.8', '58', '68', '2022-09-18'),
(57, 'ابن صحن', 'https://azozzalfiras.dev/api/Icons/EfnXpxNQzw2vrwg-.png', '4.8', '40', '50', '2022-09-18'),
(58, 'شاورما الملك', 'https://azozzalfiras.dev/api/Icons/dLYpJV9eCdh76_ZY.png', '4.8', '24', '34', '2022-09-18'),
(59, 'جكن هوم - حي اور', 'https://azozzalfiras.dev/api/Icons/RNNsPnjkroHXOlMI.png', '4.7', '25', '35', '2022-09-18'),
(60, 'اوسلو', 'https://azozzalfiras.dev/api/Icons/GAcJZjpEhLH9H7Gd.jpeg', '4.8', '56', '66', '2022-09-18'),
(61, 'جيلايس', 'https://azozzalfiras.dev/api/Icons/dZXOjI5TC85DkE28.png', '5', '32', '42', '2022-09-18'),
(62, 'بيتزا مولتو', 'https://azozzalfiras.dev/api/Icons/sYiyQjegff599lZ_.png', '4.9', '23', '33', '2022-09-18'),
(63, 'زرزور - شارع فلسطين', 'https://azozzalfiras.dev/api/Icons/u7Gb9H47q2MfysLr.jpeg', '4.9', '37', '47', '2022-09-18'),
(64, '99 كرل - زيونة', 'https://azozzalfiras.dev/api/Icons/PpDmOIYKWyUi9PPJ.png', '4.9', '54', '64', '2022-09-18'),
(65, 'سلطانة دونر', 'https://azozzalfiras.dev/api/Icons/EQpbiDS-oeCEtSC_.png', '4.7', '46', '56', '2022-09-18'),
(66, 'بيتزا ستوب', 'https://azozzalfiras.dev/api/Icons/p2rqm5ZA2OyXjR0A.png', '', '46', '56', '2022-09-18'),
(67, 'اسطة شاورما', 'https://azozzalfiras.dev/api/Icons/yltQImlZY_c-uVZA.jpeg', '4.9', '31', '41', '2022-09-18');

-- --------------------------------------------------------

--
-- Table structure for table `Store_Items`
--

CREATE TABLE `Store_Items` (
  `id` int(11) NOT NULL,
  `Store_id` varchar(11) NOT NULL,
  `Name` text NOT NULL,
  `Image_url` varchar(200) NOT NULL,
  `Tagline` varchar(200) NOT NULL,
  `Price` varchar(109) NOT NULL,
  `Time_Add` date NOT NULL
) ENGINE=InnoDB DEFAULT CHARSET=utf8mb4;

--
-- Dumping data for table `Store_Items`
--

INSERT INTO `Store_Items` (`id`, `Store_id`, `Name`, `Image_url`, `Tagline`, `Price`, `Time_Add`) VALUES
(1, '39', 'فنكر بالجبنة', 'https://azozzalfiras.dev/api/Icons/ymppIUe2oedWdtI_.png', 'فنكر بالجبن الافضل علئ الاطلاق', '3,000', '2022-09-18'),
(2, '39', 'بوخارست مقلي برغر', 'https://azozzalfiras.dev/api/Icons/sCxEsbNOIDHH9Y2k.png', 'صمون البرغر, صدر دجاج مقرمش, حبش, طماطم, مخلل, خس, جبنة تشيدر, صلصة بوخارست', '12,000', '2022-09-18');

-- --------------------------------------------------------

--
-- Table structure for table `Tags`
--

CREATE TABLE `Tags` (
  `id` int(11) NOT NULL,
  `Text_Tags` text NOT NULL,
  `Image_Tags` varchar(1009) NOT NULL,
  `Time_Add` date NOT NULL
) ENGINE=InnoDB DEFAULT CHARSET=utf8mb4;

--
-- Dumping data for table `Tags`
--

INSERT INTO `Tags` (`id`, `Text_Tags`, `Image_Tags`, `Time_Add`) VALUES
(1, 'برغر', 'https://azozzalfiras.dev/api/Icons/EOkqmkmKuub7rfun.jpeg', '2022-09-18'),
(2, 'بوظة', 'https://azozzalfiras.dev/api/Icons/jJ0a9DIvhndbpfvL.jpeg', '2022-09-18'),
(3, 'كص', 'https://azozzalfiras.dev/api/Icons/D08V14neWmf3q-e4.jpeg', '2022-09-18'),
(4, 'قهوة', 'https://azozzalfiras.dev/api/Icons/LgDRKv0Vz1URirsp.jpeg', '2022-09-18'),
(5, 'فاست فود', 'https://azozzalfiras.dev/api/Icons/rwBQWNnxlwRQ2-oz.jpeg', '2022-09-18'),
(6, 'دجاج', 'https://azozzalfiras.dev/api/Icons/2c-oO6R3olkBTyWw.jpeg', '2022-09-18'),
(7, 'شرقي', 'https://azozzalfiras.dev/api/Icons/xpqSyAN4HibfauxL.jpeg', '2022-09-18'),
(8, 'بيتزا', 'https://azozzalfiras.dev/api/Icons/riBylQAaaDtwP_eM.jpeg', '2022-09-18'),
(9, 'حلويات', 'https://azozzalfiras.dev/api/Icons/MnpveqWR8dhvmDHE.jpeg', '2022-09-18'),
(10, 'إيطالي', 'https://azozzalfiras.dev/api/Icons/M9Yy_uaFjM3XxKsY.jpeg', '2022-09-18'),
(11, 'فطور', 'https://azozzalfiras.dev/api/Icons/LQj5CNkIecC0vHdL.jpeg', '2022-09-18'),
(12, 'لبناني', 'https://azozzalfiras.dev/api/Icons/LJPOk8URb3c1JYCj.jpeg', '2022-09-18'),
(13, 'صحي', 'https://azozzalfiras.dev/api/Icons/e8ZHEU9RO6nmgIuy.jpeg', '2022-09-18'),
(14, 'عراقي', 'https://azozzalfiras.dev/api/Icons/jU4IYZIZI2OA1sgA.jpeg', '2022-09-18'),
(15, 'سوري', 'https://azozzalfiras.dev/api/Icons/G877lLio40w1-Zci.jpeg', '2022-09-18'),
(16, 'عربي', 'https://azozzalfiras.dev/api/Icons/pDuluPkFLBPYJLy9.jpeg', '2022-09-18');

--
-- Indexes for dumped tables
--

--
-- Indexes for table `FirstItemNew`
--
ALTER TABLE `FirstItemNew`
  ADD PRIMARY KEY (`id`);

--
-- Indexes for table `HomePage_Dinner`
--
ALTER TABLE `HomePage_Dinner`
  ADD PRIMARY KEY (`id`);

--
-- Indexes for table `Search`
--
ALTER TABLE `Search`
  ADD PRIMARY KEY (`id`);

--
-- Indexes for table `Stores`
--
ALTER TABLE `Stores`
  ADD PRIMARY KEY (`id`);

--
-- Indexes for table `Store_Items`
--
ALTER TABLE `Store_Items`
  ADD PRIMARY KEY (`id`);

--
-- Indexes for table `Tags`
--
ALTER TABLE `Tags`
  ADD PRIMARY KEY (`id`);

--
-- AUTO_INCREMENT for dumped tables
--

--
-- AUTO_INCREMENT for table `FirstItemNew`
--
ALTER TABLE `FirstItemNew`
  MODIFY `id` int(11) NOT NULL AUTO_INCREMENT, AUTO_INCREMENT=14;

--
-- AUTO_INCREMENT for table `HomePage_Dinner`
--
ALTER TABLE `HomePage_Dinner`
  MODIFY `id` int(11) NOT NULL AUTO_INCREMENT, AUTO_INCREMENT=185;

--
-- AUTO_INCREMENT for table `Search`
--
ALTER TABLE `Search`
  MODIFY `id` int(11) NOT NULL AUTO_INCREMENT, AUTO_INCREMENT=3;

--
-- AUTO_INCREMENT for table `Stores`
--
ALTER TABLE `Stores`
  MODIFY `id` int(11) NOT NULL AUTO_INCREMENT, AUTO_INCREMENT=68;

--
-- AUTO_INCREMENT for table `Store_Items`
--
ALTER TABLE `Store_Items`
  MODIFY `id` int(11) NOT NULL AUTO_INCREMENT, AUTO_INCREMENT=3;

--
-- AUTO_INCREMENT for table `Tags`
--
ALTER TABLE `Tags`
  MODIFY `id` int(11) NOT NULL AUTO_INCREMENT, AUTO_INCREMENT=33;
COMMIT;

/*!40101 SET CHARACTER_SET_CLIENT=@OLD_CHARACTER_SET_CLIENT */;
/*!40101 SET CHARACTER_SET_RESULTS=@OLD_CHARACTER_SET_RESULTS */;
/*!40101 SET COLLATION_CONNECTION=@OLD_COLLATION_CONNECTION */;
